"Timestamp","Jeg er ","Besøker du Westerdals/HK sine nettsider(ikke its learning/time edit)?","Hvordan tilegner du deg informasjon om veibeskrivelse til campus?","Hvordan finner du informasjon om tilbud i nærheten(cafe, butikker, resturanter osv…)?","Er det noe du skulle ønske det fantes informasjon om på Westerdals/HK sine nettsider?","Vet du hvor du finner informasjon om arrangementer på skolen?","Hvordan skaffer du deg mat/lunsj i skoletiden?","Hvordan reiser du til campus?"
"2018/04/09 10:43:54 AM GMT+2","student i Westerdals","Aldri","Ruter","Google","Nope","Ja","Kantina;Går til butikk/cafe;Tar ikke med mat","Kollektivtransport"
"2018/04/09 10:44:02 AM GMT+2","student i Westerdals","En gang i mnd","Google maps","Google","blablabla","Ja","Kantina","Til fots"
"2018/04/09 10:44:18 AM GMT+2","student i Westerdals","En gang i uken","Google maps","Maps","","Ja","Tar med matpakke","Kollektivtransport"
"2018/04/09 10:44:46 AM GMT+2","student i Westerdals","Aldri","Ruter","Internett/folk","Nei","Ja","Tar med matpakke;Kantina","Kollektivtransport;Til fots"
"2018/04/09 10:45:03 AM GMT+2","student i Westerdals","En gang i mnd","Google maps","Ser meg rundt","","Ja","Tar med matpakke;Går til butikk/cafe","Kollektivtransport"
"2018/04/09 10:45:43 AM GMT+2","ansatt","En gang i mnd","Google maps","","","Nei","Tar med matpakke","Kollektivtransport"
"2018/04/09 10:56:35 AM GMT+2","student i Westerdals","Mindre enn en gang i mnd","Google maps","Google","","Ja","Tar med matpakke;Kantina","Kollektivtransport"
"2018/04/09 10:57:42 AM GMT+2","Tidligere student ved Westerdals","Mindre enn en gang i mnd","Ruter","Foursquare","Nei","Ja","Tar med matpakke;Kantina;Går til butikk/cafe","Kollektivtransport;Til fots"
"2018/04/09 10:59:23 AM GMT+2","student i Westerdals","Mindre enn en gang i mnd","Google maps","","","Ja","Tar med matpakke","Kollektivtransport"
"2018/04/09 11:03:49 AM GMT+2","student i Westerdals","Mindre enn en gang i mnd","Google maps","Går rundt","","Ja","Tar med matpakke;Kantina;Går til butikk/cafe","Kollektivtransport"
"2018/04/09 11:06:22 AM GMT+2","student i Westerdals","Mindre enn en gang i mnd","Google maps","","","Ja","Kantina;Går til butikk/cafe","Kollektivtransport"
"2018/04/09 11:08:30 AM GMT+2","student i Westerdals","Mindre enn en gang i mnd","Google maps","Utforsker og google maps","","Nei","Tar med matpakke;Kantina","Kollektivtransport"
"2018/04/09 11:09:18 AM GMT+2","student i Westerdals","Mindre enn en gang i mnd","Google maps","","","Ja","Tar med matpakke;Kantina","Kollektivtransport"
"2018/04/09 11:12:49 AM GMT+2","student i Westerdals","Mindre enn en gang i mnd","Google maps","","","Nei","Tar med matpakke;Kantina","Kollektivtransport"
"2018/04/09 11:14:41 AM GMT+2","student i Westerdals","Aldri","Google maps","Er aldri oppdatert på tilbud. Enten hører jeg det fra venner, eller ser tilbudet utenfor cafeen/dagligvarebutikken.","Har hørt fra flere studenter at det er vanskelig å finne pensumliste, så hadde vært greit om dette var mer tilgjengelig. Generelt liker jeg ikke deres nettside. Altfor mye som skjer på forsiden, og du må gjennom veldig mange ledd for å finne det du skal (kanskje hadde en drop-down menu vært noe). Det er kun via Westerdals Social jeg får informasjon om arrangementer ved skolene, synes derfor Westerdals og HK sine Facebook sider bør være lett synlig på nettsiden slik at kommende studenter kan melde seg fort inn i gruppen og få mye praktisk informasjon derifra. Det var i allefal slik jeg fikk alt av praktisk informasjon når jeg skulle begynne å studere på Westerdals. ","Nei","Tar med matpakke;Kantina;Bruker en takeawaytjeneste","Kollektivtransport;Til fots"
"2018/04/09 11:20:01 AM GMT+2","student i Westerdals","Mindre enn en gang i mnd","Ruter","","","Ja","Tar med matpakke;Kantina;Går til butikk/cafe","Kollektivtransport"
"2018/04/09 11:21:22 AM GMT+2","student i Westerdals","Mindre enn en gang i mnd","Google maps","Google","","Ja","Kantina","Kollektivtransport"
"2018/04/09 11:22:26 AM GMT+2","student i Westerdals","Mindre enn en gang i mnd","Ruter","google","arrangementer på skolen, og arrangementer fra relevante bedrifter","Ja","Kantina","Kollektivtransport"
"2018/04/09 11:35:08 AM GMT+2","student i Westerdals","En gang i uken","Google maps","","","Ja","Tar ikke med mat","Kollektivtransport"
"2018/04/09 11:35:55 AM GMT+2","student i Westerdals","Mindre enn en gang i mnd","Google maps","Sjekker selv, enten når jeg er ute å går. Eller så er jeg ganske kjent i området fra før av","Eksamen, tidligere eksamensoppgaver, utveksling, valgfag ","Ja","Tar med matpakke;Kantina;Går til butikk/cafe","Kollektivtransport;Til fots"
"2018/04/09 11:43:47 AM GMT+2","student i Høyskolen Kristiania","Hver dag","Ruter","tilbuds plakater ","","Ja","Kantina;Går til butikk/cafe","Kollektivtransport"
"2018/04/09 11:52:32 AM GMT+2","student i Westerdals","Mindre enn en gang i mnd","Ruter","Vet ikke","","Nei","Kantina;Går til butikk/cafe","Kollektivtransport"
"2018/04/09 11:53:01 AM GMT+2","student i Westerdals","Mindre enn en gang i mnd","Google maps","Google maps","Mine rettigheter som Student","Ja","Tar med matpakke;Kantina","Til fots"
"2018/04/09 11:59:26 AM GMT+2","student i Westerdals","Mindre enn en gang i mnd","Google maps","Google eller spør de i klassen","Har ikke hvert inne og sett på det","Ja","Tar med matpakke;Går til butikk/cafe","Kollektivtransport;Til fots"
"2018/04/09 12:04:54 PM GMT+2","student i Westerdals","En gang i uken","Google maps","","","Ja","Kantina","Kollektivtransport"
"2018/04/09 12:11:33 PM GMT+2","student i Westerdals","Hver dag","Google maps","Bor her","Bedre fagbeskrivelser","Ja","Kantina;Går til butikk/cafe","Til fots"
"2018/04/09 12:28:01 PM GMT+2","student i Westerdals","Aldri","Google maps","I don't","Nei, jeg er ferdig om et par mnd. Jeg kunne ikke brydd meg mindre om de hjemmesidene ","Ja","Tar med matpakke;Kantina;Tar ikke med mat","Kollektivtransport;Til fots"
"2018/04/09 12:31:04 PM GMT+2","student i Westerdals","Mindre enn en gang i mnd","Trenger ikke","Går dit","Nei","Ja","Tar med matpakke","Kollektivtransport"
"2018/04/09 12:35:14 PM GMT+2","student i Westerdals","Aldri","Google maps","Facebook, fysisk orientering, venner.","Ikke som jeg kommer på. Kanskje bibliotekliste, om det ikke allerede finnes.","Nei","Kantina;Går til butikk/cafe","Kollektivtransport"
"2018/04/09 12:44:03 PM GMT+2","student i Westerdals","Mindre enn en gang i mnd","Ruter","Ut på eventyr","","Ja","Tar med matpakke;Kantina;Går til butikk/cafe;Bruker en takeawaytjeneste;Tar ikke med mat","Kollektivtransport"
"2018/04/09 12:50:50 PM GMT+2","student i Westerdals","Mindre enn en gang i mnd","Google maps","","","Ja","Tar med matpakke;Går til butikk/cafe","Kollektivtransport;Til fots"
"2018/04/09 12:53:18 PM GMT+2","student i Westerdals","En gang i uken","Google maps","Går bare på foodekspressen","At man kan benytte seg av bibliotekene på HIOA og UiO ...","Ja","Kantina;Går til butikk/cafe","Kollektivtransport"
"2018/04/09 1:08:15 PM GMT+2","student i Westerdals","En gang i uken","Spør en venn","","","Nei","Tar med matpakke;Går til butikk/cafe","Til fots"
"2018/04/09 1:16:34 PM GMT+2","student i Westerdals","Mindre enn en gang i mnd","Google maps","Kjenner området fra før.","Historie om skolene","Ja","Tar med matpakke;Kantina","Til fots"
"2018/04/09 1:16:47 PM GMT+2","student i Westerdals","Mindre enn en gang i mnd","Google maps","","","Ja","Tar med matpakke","Til fots"
"2018/04/09 1:22:26 PM GMT+2","student i Westerdals","En gang i uken","Google maps","facebook, google maps","vet ikke","Ja","Tar med matpakke;Går til butikk/cafe;Bruker en takeawaytjeneste","Kollektivtransport;Til fots"
"2018/04/09 1:29:39 PM GMT+2","student i Westerdals","Mindre enn en gang i mnd","Google maps","","Kart over hvor i bygget de ulike rommene er. Det er vanskelig å finne rom når man er på en campus man ikke er så kjent med.","Ja","Tar med matpakke;Går til butikk/cafe","Kollektivtransport;Til fots"
"2018/04/09 1:30:48 PM GMT+2","student i Westerdals","Mindre enn en gang i mnd","Google maps","Facebook","","Ja","Tar med matpakke;Kantina;Går til butikk/cafe;Bruker en takeawaytjeneste","Kollektivtransport;Til fots"
"2018/04/09 1:45:04 PM GMT+2","student i Westerdals","Aldri","Ruter","Reklame","Hva som er i kantina osv","Ja","Tar med matpakke;Kantina;Går til butikk/cafe;Bruker en takeawaytjeneste;Tar ikke med mat","Kollektivtransport;Bil;Til fots"
"2018/04/09 1:47:16 PM GMT+2","student i Westerdals","Mindre enn en gang i mnd","Ruter","","","Nei","Tar med matpakke;Kantina;Tar ikke med mat","Kollektivtransport;Til fots"
"2018/04/09 2:20:35 PM GMT+2","student i Westerdals","Aldri","Google maps","","","Ja","Kantina;Går til butikk/cafe","Kollektivtransport;Til fots"
"2018/04/09 2:29:33 PM GMT+2","student i Westerdals","Mindre enn en gang i mnd","Google maps","Spør folk eller går rundt i nærheten","","Nei","Kantina","Til fots"
"2018/04/09 2:41:53 PM GMT+2","student i Westerdals","Mindre enn en gang i mnd","Google maps","Mattilbud appen ","Bruker ikke. Så har ikke funnet ut av hva som mangler.","Ja","Tar med matpakke;Kantina;Går til butikk/cafe","Kollektivtransport;Til fots"
"2018/04/09 2:50:14 PM GMT+2","student i Westerdals","En gang i uken","Google maps","Går og leter.","Detaljerte åpningstider.","Nei","Tar med matpakke;Kantina;Går til butikk/cafe","Kollektivtransport"
"2018/04/09 3:01:01 PM GMT+2","student i Westerdals","Aldri","Google maps","Ser meg rundt, spør folk ","","Nei","Tar med matpakke;Kantina;Går til butikk/cafe","Kollektivtransport"
"2018/04/09 3:31:20 PM GMT+2","student i Westerdals","En gang i uken","Google maps","Mest facebook","","Ja","Kantina","Kollektivtransport;Til fots"
"2018/04/09 4:03:31 PM GMT+2","student i Westerdals","Mindre enn en gang i mnd","Ruter","Google Maps","Romoversikt for de ulike campusene","Ja","Kantina;Går til butikk/cafe","Kollektivtransport"
"2018/04/09 4:25:15 PM GMT+2","student i Westerdals","Mindre enn en gang i mnd","Google maps","Jungeltelegrafen","Ja","Ja","Kantina;Går til butikk/cafe;Bruker en takeawaytjeneste","Kollektivtransport;Til fots"
"2018/04/09 6:24:36 PM GMT+2","student i Westerdals","Mindre enn en gang i mnd","Google maps","google","","Ja","Tar med matpakke;Går til butikk/cafe","Til fots"
"2018/04/09 8:11:28 PM GMT+2","student i Westerdals","Hver dag","Ruter","Når jeg går forbi butikkene og de reklamerer med tilbud","","Nei","Tar med matpakke;Kantina;Bruker en takeawaytjeneste","Kollektivtransport"
"2018/04/09 9:02:04 PM GMT+2","student i Westerdals","Mindre enn en gang i mnd","Google maps","","","Ja","Tar med matpakke;Kantina;Går til butikk/cafe","Kollektivtransport"
"2018/04/09 9:22:41 PM GMT+2","ansatt","Hver dag","Ruter","internett","","Ja","Kantina","Til fots"
"2018/04/09 9:23:26 PM GMT+2","student i Westerdals","En gang i uken","Ruter","","","Ja","Tar med matpakke;Kantina;Går til butikk/cafe","Kollektivtransport"
"2018/04/10 9:24:00 AM GMT+2","student i Westerdals","Hver dag","Google maps","","","Ja","Tar med matpakke;Kantina;Går til butikk/cafe","Kollektivtransport"
"2018/04/10 9:27:04 AM GMT+2","student i Westerdals","En gang i uken","Google maps","Spør andre/tilfeldig","","Nei","Kantina","Kollektivtransport;Til fots"
"2018/04/11 1:16:53 AM GMT+2","student i Westerdals","En gang i uken","Google maps","","","Nei","Tar med matpakke;Går til butikk/cafe","Kollektivtransport"
"2018/04/11 10:33:27 AM GMT+2","student i Høyskolen Kristiania","En gang i uken","Google maps","","","Ja","Tar med matpakke;Kantina;Går til butikk/cafe;Tar ikke med mat","Kollektivtransport"
"2018/04/11 10:35:16 AM GMT+2","student i Høyskolen Kristiania","Mindre enn en gang i mnd","Ruter","Hva de rundt meg forteller","Nei","Nei","Tar med matpakke","Kollektivtransport;Til fots"
"2018/04/11 10:36:18 AM GMT+2","student i Høyskolen Kristiania","En gang i uken","Ruter","Går forbi","Relevante jobber etter studiet","Nei","Tar med matpakke;Går til butikk/cafe","Kollektivtransport"
"2018/04/11 10:37:41 AM GMT+2","student i Høyskolen Kristiania","En gang i uken","Google maps","Jeg finner ikke informasjon om tilbud i nærheten. Ikke leter jeg etter det heller. Formulér spørsmålet ordentlig neste gang.","Arrangementer og andre aktiviteter Studentunionen arrangerer.","Ja","Tar med matpakke;Kantina;Går til butikk/cafe","Til fots"
"2018/04/11 10:37:44 AM GMT+2","student i Høyskolen Kristiania","Mindre enn en gang i mnd","Ruter","Mattilbud-appen","Nei","Ja","Tar med matpakke;Går til butikk/cafe","Til fots"
"2018/04/11 10:39:46 AM GMT+2","student i Høyskolen Kristiania","En gang i uken","Google maps","Enten på de aktuelle stedene eller reklamer som henger rundt","","Ja","Tar med matpakke;Går til butikk/cafe","Kollektivtransport"
"2018/04/11 10:40:16 AM GMT+2","student i Høyskolen Kristiania","Hver dag","Ruter","Venner","Nei","Ja","Tar med matpakke","Kollektivtransport"
"2018/04/11 10:41:49 AM GMT+2","student i Høyskolen Kristiania","Hver dag","Ruter","Mattilbud ","","Ja","Går til butikk/cafe","Kollektivtransport"
"2018/04/11 10:42:29 AM GMT+2","ansatt","Hver dag","Ruter","Google","En samlet kalender med alle arrangement som tilbys på høyskolen. Studentunionen, TRACK, avdeling for studentoppfølging, Loftet osv.","Nei","Tar med matpakke","Kollektivtransport"
"2018/04/11 10:43:33 AM GMT+2","student i Høyskolen Kristiania","En gang i uken","Google maps","Bare å gå rundt litt det ","At nettsiden kunne vært mye mindre komplisert å finne frem på. Den er helt helt håpløs.","Nei","Tar med matpakke","Kollektivtransport"
"2018/04/11 10:47:52 AM GMT+2","student i Høyskolen Kristiania","Mindre enn en gang i mnd","Google maps","Tenker ikke på det","Ikke som jeg kommer på","Ja","Tar med matpakke;Går til butikk/cafe;Tar ikke med mat","Til fots"
"2018/04/11 10:48:57 AM GMT+2","student i Høyskolen Kristiania","Mindre enn en gang i mnd","Google maps","Jeg gjør ikke det. ","","Nei","Går til butikk/cafe","Kollektivtransport"
"2018/04/11 10:50:05 AM GMT+2","student i Høyskolen Kristiania","Mindre enn en gang i mnd","Google maps","Ingensteds","Nei","Ja","Tar med matpakke;Kantina;Går til butikk/cafe","Kollektivtransport"
"2018/04/11 10:56:21 AM GMT+2","student i Høyskolen Kristiania","En gang i uken","Ruter","Via apper eller når jeg handler","Ikke som jeg kommer på","Ja","Går til butikk/cafe","Kollektivtransport"
"2018/04/11 10:57:17 AM GMT+2","student i Høyskolen Kristiania","Mindre enn en gang i mnd","Spør en venn","Googler","","Nei","Tar med matpakke;Går til butikk/cafe","Kollektivtransport;Bil;Til fots"
"2018/04/11 11:05:40 AM GMT+2","student i Høyskolen Kristiania","Mindre enn en gang i mnd","Google maps","Google maps ","Mer informasjon om kantina ","Ja","Kantina;Går til butikk/cafe;Tar ikke med mat","Kollektivtransport"
"2018/04/11 11:36:59 AM GMT+2","student i Høyskolen Kristiania","En gang i uken","Google maps","","","Ja","Tar med matpakke;Går til butikk/cafe","Kollektivtransport"
"2018/04/11 11:40:04 AM GMT+2","student i Høyskolen Kristiania","Mindre enn en gang i mnd","Google maps","Gjennom bekjente. ","Bedre beskrivelse av fagskolen linjer. ","Ja","Tar med matpakke;Går til butikk/cafe","Kollektivtransport"
"2018/04/11 11:43:18 AM GMT+2","student i Høyskolen Kristiania","En gang i uken","Google maps","","","Nei","Tar med matpakke;Kantina","Kollektivtransport"
"2018/04/11 12:20:14 PM GMT+2","student i Høyskolen Kristiania","En gang i uken","Ruter","","","Nei","Tar med matpakke;Kantina;Tar ikke med mat","Til fots"
"2018/04/11 12:27:20 PM GMT+2","student i Høyskolen Kristiania","Mindre enn en gang i mnd","Google maps","Mattilbud app","","Ja","Tar med matpakke","Kollektivtransport"
"2018/04/11 12:52:50 PM GMT+2","student i Høyskolen Kristiania","En gang i uken","Ruter","","","Ja","Tar ikke med mat","Kollektivtransport"
"2018/04/11 1:10:59 PM GMT+2","student i Høyskolen Kristiania","Hver dag","Google maps","venner eller google","alle eventer som skjer på skolen pluss studentunionen","Nei","Tar med matpakke;Kantina;Går til butikk/cafe;Bruker en takeawaytjeneste","Kollektivtransport;Til fots"
"2018/04/11 2:00:00 PM GMT+2","student i Høyskolen Kristiania","Mindre enn en gang i mnd","Ruter","Facebook, instagram","Mye eventer osv som skjer, men som jeg ikke får med meg pga er ikke på nettsiden.","Nei","Tar med matpakke;Går til butikk/cafe","Kollektivtransport"
"2018/04/11 2:04:59 PM GMT+2","student i Høyskolen Kristiania","Hver dag","Google maps","google","nope","Ja","Tar med matpakke","Kollektivtransport"
"2018/04/11 3:03:26 PM GMT+2","student i Høyskolen Kristiania","Mindre enn en gang i mnd","Ruter","Google","","Ja","Tar med matpakke;Kantina","Kollektivtransport"
"2018/04/11 3:16:41 PM GMT+2","student i Høyskolen Kristiania","En gang i uken","Google maps","","","Ja","Kantina;Går til butikk/cafe","Kollektivtransport"
"2018/04/11 3:36:26 PM GMT+2","student i Høyskolen Kristiania","Mindre enn en gang i mnd","Ruter","","","Nei","Tar med matpakke","Kollektivtransport"
"2018/04/11 3:52:46 PM GMT+2","student i Høyskolen Kristiania","Mindre enn en gang i mnd","Google maps","Er heldigvis kjent i Oslo","Hvor de forskjellige byggene er! Er forevirrende for fagskolestudenter.","Nei","Tar med matpakke;Går til butikk/cafe;Bruker en takeawaytjeneste","Kollektivtransport"
"2018/04/11 4:57:48 PM GMT+2","student i Høyskolen Kristiania","En gang i uken","Google maps","Går ut i gatene ","Hvis det er rabatter !","Nei","Tar med matpakke;Kantina;Går til butikk/cafe","Kollektivtransport;Til fots"
"2018/04/11 6:32:24 PM GMT+2","student i Høyskolen Kristiania","En gang i uken","Google maps","","","Ja","Tar ikke med mat","Kollektivtransport"
"2018/04/11 7:31:18 PM GMT+2","student i Høyskolen Kristiania","Mindre enn en gang i mnd","Google maps","Google","","Ja","Tar med matpakke;Kantina;Går til butikk/cafe","Kollektivtransport"
"2018/04/11 8:05:18 PM GMT+2","student i Høyskolen Kristiania","En gang i uken","Google maps","Sio","Nei","Ja","Tar med matpakke;Kantina;Går til butikk/cafe","Til fots"
"2018/04/12 7:17:26 AM GMT+2","student i Høyskolen Kristiania","Hver dag","Ruter","Bekjente","Nei","Ja","Tar med matpakke;Kantina;Går til butikk/cafe","Kollektivtransport"
"2018/04/13 5:37:03 PM GMT+2","student i Høyskolen Kristiania","En gang i uken","Google maps","Google Maps, venner/klassekammerater. Instagram","mer om alumni, få vite hva tidligere studenter jobber med, tips til hva man bør gjøre for å lykkes. ","Ja","Tar med matpakke;Kantina","Kollektivtransport"
"2018/04/22 9:24:18 AM GMT+2","student i Høyskolen Kristiania","Hver dag","Bing maps","Gule sider","Sivilstatus","Ja","Tar ikke med mat","Bil"
"2018/05/25 2:06:36 PM GMT+2","student i Høyskolen Kristiania","Mindre enn en gang i mnd","Ruter","Har uke behov ","Ikke som jeg kan komme på","Ja","Tar med matpakke;Kantina;Går til butikk/cafe","Kollektivtransport"